DI,SE,ZO,QUA,LOT,UNI,NOME,QUADRA,LOTE,MATR√çCULA,BAIRRO
00,05,85,24,210,000,EMPREENDIMENTOS IMOBILIARIOS,0015,0007,73052,GUAICURUS,-,JARDIM
00,05,85,24,100,000,EMPREENDIMENTOS IMOBILIARIOS,0015,0022,064188,GUAICURUS,-,JARDIM
00,05,85,24,130,000,EMPREENDIMENTOS IMOBILIARIOS,0015,0025,064188,GUAICURUS,-,JARDIM
00,05,85,14,150,000,EMPREENDIMENTOS IMOBILIARIOS,0016,0001,064188,GUAICURUS,-,JARDIM
00,05,85,14,170,000,EMPREENDIMENTOS IMOBILIARIOS,0016,0003,064188,GUAICURUS,-,JARDIM
00,05,85,14,260,000,EMPREENDIMENTOS IMOBILIARIOS,0016,0012,064188,GUAICURUS,-,JARDIM
00,05,85,14,010,000,EMPREENDIMENTOS IMOBILIARIOS,0016,0013,064188,GUAICURUS,-,JARDIM
00,05,85,14,030,000,EMPREENDIMENTOS IMOBILIARIOS,0016,0015,064188,GUAICURUS,-,JARDIM
00,05,85,15,160,000,EMPREENDIMENTOS IMOBILIARIOS,0020,0002,73097,GUAICURUS,-,JARDIM
00,05,85,15,180,000,EMPREENDIMENTOS IMOBILIARIOS,0020,0004,064188,GUAICURUS,-,JARDIM
00,05,85,15,210,000,EMPREENDIMENTOS IMOBILIARIOS,0020,0007,064188,GUAICURUS,-,JARDIM
00,05,85,15,220,000,EMPREENDIMENTOS IMOBILIARIOS,0020,0008,064188,GUAICURUS,-,JARDIM
00,05,85,15,250,000,EMPREENDIMENTOS IMOBILIARIOS,0020,0011,064188,GUAICURUS,-,JARDIM
00,05,85,15,030,000,EMPREENDIMENTOS IMOBILIARIOS,0020,0015,064188,GUAICURUS,-,JARDIM
00,05,85,15,050,000,EMPREENDIMENTOS IMOBILIARIOS,0020,0017,73112,GUAICURUS,-,JARDIM
00,05,85,15,110,000,EMPREENDIMENTOS IMOBILIARIOS,0020,0023,064188,GUAICURUS,-,JARDIM
00,05,85,16,200,000,EMPREENDIMENTOS IMOBILIARIOS,0023,0006,064188,GUAICURUS,-,JARDIM
00,05,85,16,080,000,EMPREENDIMENTOS IMOBILIARIOS,0023,0020,064188,GUAICURUS,-,JARDIM
00,05,85,16,110,000,EMPREENDIMENTOS IMOBILIARIOS,0023,0023,064188,GUAICURUS,-,JARDIM
00,05,85,17,250,000,EMPREENDIMENTOS IMOBILIARIOS,0027,0011,064188,GUAICURUS,-,JARDIM
00,05,85,17,070,000,EMPREENDIMENTOS IMOBILIARIOS,0027,0019,064188,GUAICURUS,-,JARDIM
00,05,85,18,230,000,EMPREENDIMENTOS IMOBILIARIOS,0031,0009,064188,GUAICURUS,-,JARDIM
00,05,85,18,010,000,EMPREENDIMENTOS IMOBILIARIOS,0031,0013,064188,GUAICURUS,-,JARDIM
00,05,85,18,040,000,EMPREENDIMENTOS IMOBILIARIOS,0031,0016,064188,GUAICURUS,-,JARDIM
00,05,86,22,170,000,EMPREENDIMENTOS IMOBILIARIOS,0047,0003,064188,GUAICURUS,-,JARDIM
00,05,86,22,180,000,EMPREENDIMENTOS IMOBILIARIOS,0047,0004,064188,GUAICURUS,-,JARDIM
00,05,86,22,230,000,EMPREENDIMENTOS IMOBILIARIOS,0047,0009,064188,GUAICURUS,-,JARDIM
00,05,86,22,010,000,EMPREENDIMENTOS IMOBILIARIOS,0047,0013,064188,GUAICURUS,-,JARDIM
00,05,86,22,020,000,EMPREENDIMENTOS IMOBILIARIOS,0047,0014,064188,GUAICURUS,-,JARDIM
00,05,86,22,030,000,EMPREENDIMENTOS IMOBILIARIOS,0047,0015,064188,GUAICURUS,-,JARDIM
00,05,86,13,140,000,EMPREENDIMENTOS IMOBILIARIOS,0053,0026,064188,GUAICURUS,-,JARDIM
00,05,86,15,230,000,EMPREENDIMENTOS IMOBILIARIOS,0063,0009,064188,GUAICURUS,-,JARDIM
00,05,86,26,120,000,EMPREENDIMENTOS IMOBILIARIOS,0067,0002,74070,GUAICURUS,-,JARDIM
00,05,85,23,160,000,EMPREENDIMENTOS IMOBILIARIOS,11,02,72998,GUAICURUS,-,JARDIM
00,05,85,23,170,000,EMPREENDIMENTOS IMOBILIARIOS,11,03,64188,GUAICURUS,-,JARDIM
00,05,85,23,220,000,EMPREENDIMENTOS IMOBILIARIOS,11,08,64188,GUAICURUS,-,JARDIM
00,05,85,23,230,000,EMPREENDIMENTOS IMOBILIARIOS,11,09,73005,GUAICURUS,-,JARDIM
00,05,85,23,260,000,EMPREENDIMENTOS IMOBILIARIOS,11,12,64188,GUAICURUS,-,JARDIM
00,05,85,23,020,000,EMPREENDIMENTOS IMOBILIARIOS,11,14,73010,GUAICURUS,-,JARDIM
00,05,85,23,050,000,EMPREENDIMENTOS IMOBILIARIOS,11,17,73013,GUAICURUS,-,JARDIM
00,05,85,23,070,000,EMPREENDIMENTOS IMOBILIARIOS,11,19,73015,GUAICURUS,-,JARDIM
00,05,85,23,080,000,EMPREENDIMENTOS IMOBILIARIOS,11,20,64188,GUAICURUS,-,JARDIM
00,05,85,23,090,000,EMPREENDIMENTOS IMOBILIARIOS,11,21,64188,GUAICURUS,-,JARDIM
00,05,85,23,100,000,EMPREENDIMENTOS IMOBILIARIOS,11,22,64188,GUAICURUS,-,JARDIM
00,05,85,23,110,000,EMPREENDIMENTOS IMOBILIARIOS,11,23,73019,GUAICURUS,-,JARDIM
00,05,85,23,120,000,EMPREENDIMENTOS IMOBILIARIOS,11,24,73020,GUAICURUS,-,JARDIM
00,05,85,23,130,000,EMPREENDIMENTOS IMOBILIARIOS,11,25,64188,GUAICURUS,-,JARDIM
00,05,85,23,140,000,EMPREENDIMENTOS IMOBILIARIOS,11,26,73022,GUAICURUS,-,JARDIM
00,05,85,13,150,000,EMPREENDIMENTOS IMOBILIARIOS,12,01,73023,GUAICURUS,-,JARDIM
00,05,85,13,190,000,EMPREENDIMENTOS IMOBILIARIOS,12,05,64188,GUAICURUS,-,JARDIM
00,05,85,13,210,000,EMPREENDIMENTOS IMOBILIARIOS,12,07,64188,GUAICURUS,-,JARDIM
00,05,85,13,230,000,EMPREENDIMENTOS IMOBILIARIOS,12,09,64188,GUAICURUS,-,JARDIM
00,05,85,13,260,000,EMPREENDIMENTOS IMOBILIARIOS,12,12,73034,GUAICURUS,-,JARDIM
00,05,85,13,030,000,EMPREENDIMENTOS IMOBILIARIOS,12,15,64188,GUAICURUS,-,JARDIM
00,05,85,13,100,000,EMPREENDIMENTOS IMOBILIARIOS,12,22,73042,GUAICURUS,-,JARDIM
00,05,85,13,130,000,EMPREENDIMENTOS IMOBILIARIOS,12,25,64188,GUAICURUS,-,JARDIM
00,05,85,24,150,000,EMPREENDIMENTOS IMOBILIARIOS,15,01,73046,GUAICURUS,-,JARDIM
00,05,85,24,220,000,EMPREENDIMENTOS IMOBILIARIOS,15,08,73053,GUAICURUS,-,JARDIM
00,05,85,24,040,000,EMPREENDIMENTOS IMOBILIARIOS,15,16,73061,GUAICURUS,-,JARDIM
00,05,85,14,220,000,EMPREENDIMENTOS IMOBILIARIOS,16,08,73079,GUAICURUS,-,JARDIM
00,05,85,14,240,000,EMPREENDIMENTOS IMOBILIARIOS,16,10,73081,GUAICURUS,-,JARDIM
00,05,85,14,040,000,EMPREENDIMENTOS IMOBILIARIOS,16,16,64188,GUAICURUS,-,JARDIM
00,05,85,14,050,000,EMPREENDIMENTOS IMOBILIARIOS,16,17,73087,GUAICURUS,-,JARDIM
00,05,85,14,060,000,EMPREENDIMENTOS IMOBILIARIOS,16,18,73088,GUAICURUS,-,JARDIM
00,05,85,14,070,000,EMPREENDIMENTOS IMOBILIARIOS,16,19,64188,GUAICURUS,-,JARDIM
00,05,85,14,090,000,EMPREENDIMENTOS IMOBILIARIOS,16,21,73091,GUAICURUS,-,JARDIM
00,05,85,14,100,000,EMPREENDIMENTOS IMOBILIARIOS,16,22,64188,GUAICURUS,-,JARDIM
00,05,85,14,130,000,EMPREENDIMENTOS IMOBILIARIOS,16,25,73095,GUAICURUS,-,JARDIM
00,05,85,14,140,000,EMPREENDIMENTOS IMOBILIARIOS,16,26,73096,GUAICURUS,-,JARDIM
00,05,85,15,170,000,EMPREENDIMENTOS IMOBILIARIOS,20,03,73098,GUAICURUS,-,JARDIM
00,05,85,15,190,000,EMPREENDIMENTOS IMOBILIARIOS,20,05,73100,GUAICURUS,-,JARDIM
00,05,85,15,200,000,EMPREENDIMENTOS IMOBILIARIOS,20,06,64188,GUAICURUS,-,JARDIM
00,05,85,15,230,000,EMPREENDIMENTOS IMOBILIARIOS,20,09,64188,GUAICURUS,-,JARDIM
00,05,85,15,070,000,EMPREENDIMENTOS IMOBILIARIOS,20,19,73114,GUAICURUS,-,JARDIM
00,05,85,15,090,000,EMPREENDIMENTOS IMOBILIARIOS,20,21,64188,GUAICURUS,-,JARDIM
00,05,85,15,100,000,EMPREENDIMENTOS IMOBILIARIOS,20,22,73117,GUAICURUS,-,JARDIM
00,05,85,15,120,000,EMPREENDIMENTOS IMOBILIARIOS,20,24,73119,GUAICURUS,-,JARDIM
00,05,85,16,020,000,EMPREENDIMENTOS IMOBILIARIOS,23,14,64188,GUAICURUS,-,JARDIM
00,05,85,16,100,000,EMPREENDIMENTOS IMOBILIARIOS,23,22,73142,GUAICURUS,-,JARDIM
00,05,85,16,130,000,EMPREENDIMENTOS IMOBILIARIOS,23,25,64188,GUAICURUS,-,JARDIM
00,05,85,27,160,000,EMPREENDIMENTOS IMOBILIARIOS,26,02,73148,GUAICURUS,-,JARDIM
00,05,85,27,170,000,EMPREENDIMENTOS IMOBILIARIOS,26,03,64188,GUAICURUS,-,JARDIM
00,05,85,27,180,000,EMPREENDIMENTOS IMOBILIARIOS,26,04,73150,GUAICURUS,-,JARDIM
00,05,85,27,220,000,EMPREENDIMENTOS IMOBILIARIOS,26,08,73154,GUAICURUS,-,JARDIM
00,05,85,27,230,000,EMPREENDIMENTOS IMOBILIARIOS,26,09,64188,GUAICURUS,-,JARDIM
00,05,85,27,240,000,EMPREENDIMENTOS IMOBILIARIOS,26,10,73156,GUAICURUS,-,JARDIM
00,05,85,27,250,000,EMPREENDIMENTOS IMOBILIARIOS,26,11,64188,GUAICURUS,-,JARDIM
00,05,85,27,260,000,EMPREENDIMENTOS IMOBILIARIOS,26,12,64188,GUAICURUS,-,JARDIM
00,05,85,27,010,000,EMPREENDIMENTOS IMOBILIARIOS,26,13,73159,GUAICURUS,-,JARDIM
00,05,85,27,060,000,EMPREENDIMENTOS IMOBILIARIOS,26,18,73164,GUAICURUS,-,JARDIM
00,05,85,27,110,000,EMPREENDIMENTOS IMOBILIARIOS,26,23,73169,GUAICURUS,-,JARDIM
00,05,85,27,130,000,EMPREENDIMENTOS IMOBILIARIOS,26,25,64188,GUAICURUS,-,JARDIM
00,05,85,17,200,000,EMPREENDIMENTOS IMOBILIARIOS,27,06,064188,GUAICURUS,-,JARDIM
00,05,85,17,210,000,EMPREENDIMENTOS IMOBILIARIOS,27,07,73179,GUAICURUS,-,JARDIM
00,05,85,17,010,000,EMPREENDIMENTOS IMOBILIARIOS,27,13,64188,GUAICURUS,-,JARDIM
00,05,85,17,050,000,EMPREENDIMENTOS IMOBILIARIOS,27,17,73189,GUAICURUS,-,JARDIM
00,05,85,17,060,000,EMPREENDIMENTOS IMOBILIARIOS,27,18,64188,GUAICURUS,-,JARDIM
00,05,85,17,100,000,EMPREENDIMENTOS IMOBILIARIOS,27,22,64188,GUAICURUS,-,JARDIM
00,05,85,17,110,000,EMPREENDIMENTOS IMOBILIARIOS,27,23,73195,GUAICURUS,-,JARDIM
00,05,85,17,120,000,EMPREENDIMENTOS IMOBILIARIOS,27,24,64188,GUAICURUS,-,JARDIM
00,05,85,17,130,000,EMPREENDIMENTOS IMOBILIARIOS,27,25,73197,GUAICURUS,-,JARDIM
00,05,85,48,130,000,EMPREENDIMENTOS IMOBILIARIOS,28,02,73200,GUAICURUS,-,JARDIM
00,05,85,48,140,000,EMPREENDIMENTOS IMOBILIARIOS,28,03,73201,GUAICURUS,-,JARDIM
00,05,85,48,160,000,EMPREENDIMENTOS IMOBILIARIOS,28,05,73203,GUAICURUS,-,JARDIM
00,05,85,48,170,000,EMPREENDIMENTOS IMOBILIARIOS,28,06,64188,GUAICURUS,-,JARDIM
00,05,85,48,190,000,EMPREENDIMENTOS IMOBILIARIOS,28,08,73206,GUAICURUS,-,JARDIM
00,05,85,48,200,000,EMPREENDIMENTOS IMOBILIARIOS,28,09,73207,GUAICURUS,-,JARDIM
00,05,85,48,030,000,EMPREENDIMENTOS IMOBILIARIOS,28,12,64188,GUAICURUS,-,JARDIM
00,05,85,48,060,000,EMPREENDIMENTOS IMOBILIARIOS,28,15,64188,GUAICURUS,-,JARDIM
00,05,85,48,080,000,EMPREENDIMENTOS IMOBILIARIOS,28,17,73215,GUAICURUS,-,JARDIM
00,05,85,48,100,000,EMPREENDIMENTOS IMOBILIARIOS,28,19,73204,GUAICURUS,-,JARDIM
00,05,85,48,110,000,EMPREENDIMENTOS IMOBILIARIOS,28,20,73218,GUAICURUS,-,JARDIM
00,05,85,38,150,000,EMPREENDIMENTOS IMOBILIARIOS,29,01,64188,GUAICURUS,-,JARDIM
00,05,85,38,160,000,EMPREENDIMENTOS IMOBILIARIOS,29,02,73220,GUAICURUS,-,JARDIM
00,05,85,38,170,000,EMPREENDIMENTOS IMOBILIARIOS,29,03,73221,GUAICURUS,-,JARDIM
00,05,85,38,180,000,EMPREENDIMENTOS IMOBILIARIOS,29,04,73222,GUAICURUS,-,JARDIM
00,05,85,38,190,000,EMPREENDIMENTOS IMOBILIARIOS,29,05,73223,GUAICURUS,-,JARDIM
00,05,85,38,220,000,EMPREENDIMENTOS IMOBILIARIOS,29,08,64188,GUAICURUS,-,JARDIM
00,05,85,38,230,000,EMPREENDIMENTOS IMOBILIARIOS,29,09,64188,GUAICURUS,-,JARDIM
00,05,85,38,250,000,EMPREENDIMENTOS IMOBILIARIOS,29,11,64188,GUAICURUS,-,JARDIM
00,05,85,38,050,000,EMPREENDIMENTOS IMOBILIARIOS,29,17,64188,GUAICURUS,-,JARDIM
00,05,85,38,070,000,EMPREENDIMENTOS IMOBILIARIOS,29,19,73237,GUAICURUS,-,JARDIM
00,05,85,38,080,000,EMPREENDIMENTOS IMOBILIARIOS,29,20,73238,GUAICURUS,-,JARDIM
00,05,85,38,090,000,EMPREENDIMENTOS IMOBILIARIOS,29,21,64188,GUAICURUS,-,JARDIM
00,05,85,38,100,000,EMPREENDIMENTOS IMOBILIARIOS,29,22,73240,GUAICURUS,-,JARDIM
00,05,85,38,110,000,EMPREENDIMENTOS IMOBILIARIOS,29,23,73241,GUAICURUS,-,JARDIM
00,05,85,28,150,000,EMPREENDIMENTOS IMOBILIARIOS,30,01,64188,GUAICURUS,-,JARDIM
00,05,85,28,160,000,EMPREENDIMENTOS IMOBILIARIOS,30,02,73246,GUAICURUS,-,JARDIM
00,05,85,28,170,000,EMPREENDIMENTOS IMOBILIARIOS,30,03,73247,GUAICURUS,-,JARDIM
00,05,85,28,190,000,EMPREENDIMENTOS IMOBILIARIOS,30,05,64188,GUAICURUS,-,JARDIM
00,05,85,28,230,000,EMPREENDIMENTOS IMOBILIARIOS,30,09,73253,GUAICURUS,-,JARDIM
00,05,85,28,240,000,EMPREENDIMENTOS IMOBILIARIOS,30,10,73254,GUAICURUS,-,JARDIM
00,05,85,28,250,000,EMPREENDIMENTOS IMOBILIARIOS,30,11,73255,GUAICURUS,-,JARDIM
00,05,85,28,020,000,EMPREENDIMENTOS IMOBILIARIOS,30,14,73258,GUAICURUS,-,JARDIM
00,05,85,28,030,000,EMPREENDIMENTOS IMOBILIARIOS,30,15,64188,GUAICURUS,-,JARDIM
00,05,85,28,050,000,EMPREENDIMENTOS IMOBILIARIOS,30,17,73261,GUAICURUS,-,JARDIM
00,05,85,28,090,000,EMPREENDIMENTOS IMOBILIARIOS,30,21,64188,GUAICURUS,-,JARDIM
00,05,85,28,110,000,EMPREENDIMENTOS IMOBILIARIOS,30,23,73267,GUAICURUS,-,JARDIM
00,05,85,18,150,000,EMPREENDIMENTOS IMOBILIARIOS,31,01,73271,GUAICURUS,-,JARDIM
00,05,85,18,170,000,EMPREENDIMENTOS IMOBILIARIOS,31,03,73273,GUAICURUS,-,JARDIM
00,05,85,18,190,000,EMPREENDIMENTOS IMOBILIARIOS,31,05,73275,GUAICURUS,-,JARDIM
00,05,85,18,020,000,EMPREENDIMENTOS IMOBILIARIOS,31,14,73284,GUAICURUS,-,JARDIM
00,05,85,18,030,000,EMPREENDIMENTOS IMOBILIARIOS,31,15,73286,GUAICURUS,-,JARDIM
00,05,85,18,070,000,EMPREENDIMENTOS IMOBILIARIOS,31,19,73289,GUAICURUS,-,JARDIM
00,05,85,18,080,000,EMPREENDIMENTOS IMOBILIARIOS,31,20,73290,GUAICURUS,-,JARDIM
00,05,85,18,090,000,EMPREENDIMENTOS IMOBILIARIOS,31,21,73291,GUAICURUS,-,JARDIM
00,05,85,18,110,000,EMPREENDIMENTOS IMOBILIARIOS,31,23,73293,GUAICURUS,-,JARDIM
00,05,85,18,120,000,EMPREENDIMENTOS IMOBILIARIOS,31,24,73294,GUAICURUS,-,JARDIM
00,05,85,18,130,000,EMPREENDIMENTOS IMOBILIARIOS,31,25,73295,GUAICURUS,-,JARDIM
00,05,85,18,140,000,EMPREENDIMENTOS IMOBILIARIOS,31,26,64188,GUAICURUS,-,JARDIM
00,05,85,49,120,000,EMPREENDIMENTOS IMOBILIARIOS,32,01,73297,GUAICURUS,-,JARDIM
00,05,85,49,150,000,EMPREENDIMENTOS IMOBILIARIOS,32,04,73300,GUAICURUS,-,JARDIM
00,05,85,49,170,000,EMPREENDIMENTOS IMOBILIARIOS,32,06,64188,GUAICURUS,-,JARDIM
00,05,85,49,180,000,EMPREENDIMENTOS IMOBILIARIOS,32,07,73303,GUAICURUS,-,JARDIM
00,05,85,49,190,000,EMPREENDIMENTOS IMOBILIARIOS,32,08,64188,GUAICURUS,-,JARDIM
00,05,85,49,050,000,EMPREENDIMENTOS IMOBILIARIOS,32,14,64188,GUAICURUS,-,JARDIM
00,05,85,49,060,000,EMPREENDIMENTOS IMOBILIARIOS,32,15,64188,GUAICURUS,-,JARDIM
00,05,85,49,070,000,EMPREENDIMENTOS IMOBILIARIOS,32,16,64188,GUAICURUS,-,JARDIM
00,05,85,49,110,000,EMPREENDIMENTOS IMOBILIARIOS,32,20,73316,GUAICURUS,-,JARDIM
00,05,85,39,150,000,EMPREENDIMENTOS IMOBILIARIOS,33,01,73317,GUAICURUS,-,JARDIM
00,05,85,39,190,000,EMPREENDIMENTOS IMOBILIARIOS,33,05,64188,GUAICURUS,-,JARDIM
00,05,85,39,210,000,EMPREENDIMENTOS IMOBILIARIOS,33,07,64188,GUAICURUS,-,JARDIM
00,05,85,39,220,000,EMPREENDIMENTOS IMOBILIARIOS,33,08,73324,GUAICURUS,-,JARDIM
00,05,85,39,240,000,EMPREENDIMENTOS IMOBILIARIOS,33,10,73326,GUAICURUS,-,JARDIM
00,05,85,39,260,000,EMPREENDIMENTOS IMOBILIARIOS,33,12,073328,GUAICURUS,-,JARDIM
00,05,85,39,010,000,EMPREENDIMENTOS IMOBILIARIOS,33,13,64188,GUAICURUS,-,JARDIM
00,05,85,39,020,000,EMPREENDIMENTOS IMOBILIARIOS,33,14,64188,GUAICURUS,-,JARDIM
00,05,85,39,030,000,EMPREENDIMENTOS IMOBILIARIOS,33,15,64188,GUAICURUS,-,JARDIM
00,05,85,39,060,000,EMPREENDIMENTOS IMOBILIARIOS,33,18,64188,GUAICURUS,-,JARDIM
00,05,85,39,090,000,EMPREENDIMENTOS IMOBILIARIOS,33,21,73337,GUAICURUS,-,JARDIM
00,05,85,39,130,000,EMPREENDIMENTOS IMOBILIARIOS,33,25,73341,GUAICURUS,-,JARDIM
00,05,85,29,150,000,EMPREENDIMENTOS IMOBILIARIOS,34,01,73343,GUAICURUS,-,JARDIM
00,05,85,29,190,000,EMPREENDIMENTOS IMOBILIARIOS,34,05,64188,GUAICURUS,-,JARDIM
00,05,85,29,230,000,EMPREENDIMENTOS IMOBILIARIOS,34,09,64188,GUAICURUS,-,JARDIM
00,05,85,29,240,000,EMPREENDIMENTOS IMOBILIARIOS,34,10,64188,GUAICURUS,-,JARDIM
00,05,85,29,030,000,EMPREENDIMENTOS IMOBILIARIOS,34,15,64188,GUAICURUS,-,JARDIM
00,05,85,29,080,000,EMPREENDIMENTOS IMOBILIARIOS,34,20,73362,GUAICURUS,-,JARDIM
00,05,85,29,110,000,EMPREENDIMENTOS IMOBILIARIOS,34,23,64188,GUAICURUS,-,JARDIM
00,05,85,29,120,000,EMPREENDIMENTOS IMOBILIARIOS,34,24,73366,GUAICURUS,-,JARDIM
00,05,85,29,140,000,EMPREENDIMENTOS IMOBILIARIOS,34,26,64188,GUAICURUS,-,JARDIM
00,05,85,19,160,000,EMPREENDIMENTOS IMOBILIARIOS,35,02,64188,GUAICURUS,-,JARDIM
00,05,85,19,180,000,EMPREENDIMENTOS IMOBILIARIOS,35,04,73372,GUAICURUS,-,JARDIM
00,05,85,19,230,000,EMPREENDIMENTOS IMOBILIARIOS,35,09,64188,GUAICURUS,-,JARDIM
00,05,85,19,240,000,EMPREENDIMENTOS IMOBILIARIOS,35,10,73378,GUAICURUS,-,JARDIM
00,05,85,19,250,000,EMPREENDIMENTOS IMOBILIARIOS,35,11,73379,GUAICURUS,-,JARDIM
00,05,85,19,030,000,EMPREENDIMENTOS IMOBILIARIOS,35,15,73383,GUAICURUS,-,JARDIM
00,05,85,19,040,000,EMPREENDIMENTOS IMOBILIARIOS,35,16,73384,GUAICURUS,-,JARDIM
00,05,85,19,080,000,EMPREENDIMENTOS IMOBILIARIOS,35,20,73388,GUAICURUS,-,JARDIM
00,05,85,19,100,000,EMPREENDIMENTOS IMOBILIARIOS,35,22,73390,GUAICURUS,-,JARDIM
00,05,85,19,120,000,EMPREENDIMENTOS IMOBILIARIOS,35,24,73392,GUAICURUS,-,JARDIM
00,05,85,19,130,000,EMPREENDIMENTOS IMOBILIARIOS,35,25,64188,GUAICURUS,-,JARDIM
00,05,85,50,130,000,EMPREENDIMENTOS IMOBILIARIOS,36,02,73396,GUAICURUS,-,JARDIM
00,05,85,50,140,000,EMPREENDIMENTOS IMOBILIARIOS,36,03,64188,GUAICURUS,-,JARDIM
00,05,85,50,150,000,EMPREENDIMENTOS IMOBILIARIOS,36,04,64188,GUAICURUS,-,JARDIM
00,05,85,50,180,000,EMPREENDIMENTOS IMOBILIARIOS,36,07,64188,GUAICURUS,-,JARDIM
00,05,85,50,200,000,EMPREENDIMENTOS IMOBILIARIOS,36,09,73405,GUAICURUS,-,JARDIM
00,05,85,50,010,000,EMPREENDIMENTOS IMOBILIARIOS,36,10,73403,GUAICURUS,-,JARDIM
00,05,85,50,020,000,EMPREENDIMENTOS IMOBILIARIOS,36,11,64188,GUAICURUS,-,JARDIM
00,05,85,50,040,000,EMPREENDIMENTOS IMOBILIARIOS,36,13,64188,GUAICURUS,-,JARDIM
00,05,85,50,050,000,EMPREENDIMENTOS IMOBILIARIOS,36,14,73408,GUAICURUS,-,JARDIM
00,05,85,50,110,000,EMPREENDIMENTOS IMOBILIARIOS,36,20,73414,GUAICURUS,-,JARDIM
00,05,85,40,160,000,EMPREENDIMENTOS IMOBILIARIOS,37,02,64188,GUAICURUS,-,JARDIM
00,05,85,40,180,000,EMPREENDIMENTOS IMOBILIARIOS,37,04,73418,GUAICURUS,-,JARDIM
00,05,85,40,190,000,EMPREENDIMENTOS IMOBILIARIOS,37,05,73419,GUAICURUS,-,JARDIM
00,05,85,40,220,000,EMPREENDIMENTOS IMOBILIARIOS,37,08,64188,GUAICURUS,-,JARDIM
00,05,85,40,230,000,EMPREENDIMENTOS IMOBILIARIOS,37,09,64188,GUAICURUS,-,JARDIM
00,05,85,40,240,000,EMPREENDIMENTOS IMOBILIARIOS,37,10,64188,GUAICURUS,-,JARDIM
00,05,85,40,250,000,EMPREENDIMENTOS IMOBILIARIOS,37,11,73425,GUAICURUS,-,JARDIM
00,05,85,40,020,000,EMPREENDIMENTOS IMOBILIARIOS,37,14,64188,GUAICURUS,-,JARDIM
00,05,85,40,070,000,EMPREENDIMENTOS IMOBILIARIOS,37,19,64188,GUAICURUS,-,JARDIM
00,05,85,40,090,000,EMPREENDIMENTOS IMOBILIARIOS,37,21,73435,GUAICURUS,-,JARDIM
00,05,85,40,100,000,EMPREENDIMENTOS IMOBILIARIOS,37,22,73436,GUAICURUS,-,JARDIM
00,05,85,40,110,000,EMPREENDIMENTOS IMOBILIARIOS,37,23,73437,GUAICURUS,-,JARDIM
00,05,85,30,240,000,EMPREENDIMENTOS IMOBILIARIOS,38,10,73450,GUAICURUS,-,JARDIM
00,05,85,30,250,000,EMPREENDIMENTOS IMOBILIARIOS,38,11,64188,GUAICURUS,-,JARDIM
00,05,85,30,260,000,EMPREENDIMENTOS IMOBILIARIOS,38,12,73452,GUAICURUS,-,JARDIM
00,05,85,30,030,000,EMPREENDIMENTOS IMOBILIARIOS,38,15,64188,GUAICURUS,-,JARDIM
00,05,85,30,040,000,EMPREENDIMENTOS IMOBILIARIOS,38,16,64188,GUAICURUS,-,JARDIM
00,05,85,30,070,000,EMPREENDIMENTOS IMOBILIARIOS,38,19,73459,GUAICURUS,-,JARDIM
00,05,85,30,110,000,EMPREENDIMENTOS IMOBILIARIOS,38,23,64188,GUAICURUS,-,JARDIM
00,05,85,30,120,000,EMPREENDIMENTOS IMOBILIARIOS,38,24,73464,GUAICURUS,-,JARDIM
00,05,85,30,130,000,EMPREENDIMENTOS IMOBILIARIOS,38,25,73465,GUAICURUS,-,JARDIM
00,05,85,30,140,000,EMPREENDIMENTOS IMOBILIARIOS,38,26,73466,GUAICURUS,-,JARDIM
00,05,85,20,150,000,EMPREENDIMENTOS IMOBILIARIOS,39,01,73467,GUAICURUS,-,JARDIM
00,05,85,20,160,000,EMPREENDIMENTOS IMOBILIARIOS,39,02,064188,GUAICURUS,-,JARDIM
00,05,85,20,170,000,EMPREENDIMENTOS IMOBILIARIOS,39,03,73469,GUAICURUS,-,JARDIM
00,05,85,20,190,000,EMPREENDIMENTOS IMOBILIARIOS,39,05,064188,GUAICURUS,-,JARDIM
00,05,85,20,200,000,EMPREENDIMENTOS IMOBILIARIOS,39,06,064188,GUAICURUS,-,JARDIM
00,05,85,20,020,000,EMPREENDIMENTOS IMOBILIARIOS,39,14,73480,GUAICURUS,-,JARDIM,
00,05,85,20,060,000,EMPREENDIMENTOS IMOBILIARIOS,39,18,73484,GUAICURUS,-,JARDIM
00,05,85,20,070,000,EMPREENDIMENTOS IMOBILIARIOS,39,19,064188,GUAICURUS,-,JARDIM
00,05,85,20,080,000,EMPREENDIMENTOS IMOBILIARIOS,39,20,64188,GUAICURUS,-,JARDIM
00,05,85,20,090,000,EMPREENDIMENTOS IMOBILIARIOS,39,21,064188,GUAICURUS,-,JARDIM
00,05,85,20,100,000,EMPREENDIMENTOS IMOBILIARIOS,39,22,73488,GUAICURUS,-,JARDIM
00,05,85,20,120,000,EMPREENDIMENTOS IMOBILIARIOS,39,24,73489,GUAICURUS,-,JARDIM
00,05,85,20,140,000,EMPREENDIMENTOS IMOBILIARIOS,39,26,064188,GUAICURUS,-,JARDIM
00,05,85,10,150,000,EMPREENDIMENTOS IMOBILIARIOS,40,01,7,GUAICURUS,-,JARDIM
00,05,85,10,160,000,EMPREENDIMENTOS IMOBILIARIOS,40,02,64188,GUAICURUS,-,JARDIM
00,05,85,10,240,000,EMPREENDIMENTOS IMOBILIARIOS,40,10,64188,GUAICURUS,-,JARDIM
00,05,85,10,260,000,EMPREENDIMENTOS IMOBILIARIOS,40,12,73502,GUAICURUS,-,JARDIM
00,05,85,10,050,000,EMPREENDIMENTOS IMOBILIARIOS,40,17,64188,GUAICURUS,-,JARDIM
00,05,85,10,060,000,EMPREENDIMENTOS IMOBILIARIOS,40,18,64188,GUAICURUS,-,JARDIM
00,05,85,10,070,000,EMPREENDIMENTOS IMOBILIARIOS,40,19,73507,GUAICURUS,-,JARDIM
00,05,85,10,090,000,EMPREENDIMENTOS IMOBILIARIOS,40,21,64188,GUAICURUS,-,JARDIM
00,05,85,10,120,000,EMPREENDIMENTOS IMOBILIARIOS,40,24,73512,GUAICURUS,-,JARDIM
00,05,85,10,130,000,EMPREENDIMENTOS IMOBILIARIOS,40,25,73513,GUAICURUS,-,JARDIM
00,05,85,10,140,000,EMPREENDIMENTOS IMOBILIARIOS,40,26,73514,GUAICURUS,-,JARDIM
00,05,86,41,130,000,EMPREENDIMENTOS IMOBILIARIOS,41,02,73516,GUAICURUS,-,JARDIM
00,05,86,41,150,000,EMPREENDIMENTOS IMOBILIARIOS,41,04,64188,GUAICURUS,-,JARDIM
00,05,86,41,160,000,EMPREENDIMENTOS IMOBILIARIOS,41,05,64188,GUAICURUS,-,JARDIM
00,05,86,41,170,000,EMPREENDIMENTOS IMOBILIARIOS,41,06,64188,GUAICURUS,-,JARDIM
00,05,86,41,180,000,EMPREENDIMENTOS IMOBILIARIOS,41,07,64188,GUAICURUS,-,JARDIM
00,05,86,41,190,000,EMPREENDIMENTOS IMOBILIARIOS,41,08,73522,GUAICURUS,-,JARDIM
00,05,86,41,070,000,EMPREENDIMENTOS IMOBILIARIOS,41,16,73530,GUAICURUS,-,JARDIM
00,05,86,41,090,000,EMPREENDIMENTOS IMOBILIARIOS,41,18,64188,GUAICURUS,-,JARDIM
00,05,86,41,100,000,EMPREENDIMENTOS IMOBILIARIOS,41,19,73533,GUAICURUS,-,JARDIM
00,05,86,21,170,000,EMPREENDIMENTOS IMOBILIARIOS,43,03,73537,GUAICURUS,-,JARDIM
00,05,86,21,180,000,EMPREENDIMENTOS IMOBILIARIOS,43,04,64188,GUAICURUS,-,JARDIM
00,05,86,21,190,000,EMPREENDIMENTOS IMOBILIARIOS,43,05,73539,GUAICURUS,-,JARDIM
00,05,86,21,220,000,EMPREENDIMENTOS IMOBILIARIOS,43,08,64188,GUAICURUS,-,JARDIM
00,05,86,21,230,000,EMPREENDIMENTOS IMOBILIARIOS,43,09,73543,GUAICURUS,-,JARDIM
00,05,86,21,240,000,EMPREENDIMENTOS IMOBILIARIOS,43,10,73544,GUAICURUS,-,JARDIM
00,05,86,21,030,000,EMPREENDIMENTOS IMOBILIARIOS,43,15,73549,GUAICURUS,-,JARDIM
00,05,86,21,040,000,EMPREENDIMENTOS IMOBILIARIOS,43,16,73550,GUAICURUS,-,JARDIM
00,05,86,21,060,000,EMPREENDIMENTOS IMOBILIARIOS,43,18,73551,GUAICURUS,-,JARDIM
00,05,86,21,070,000,EMPREENDIMENTOS IMOBILIARIOS,43,19,73552,GUAICURUS,-,JARDIM
00,05,86,21,110,000,EMPREENDIMENTOS IMOBILIARIOS,43,23,64188,GUAICURUS,-,JARDIM
00,05,86,21,120,000,EMPREENDIMENTOS IMOBILIARIOS,43,24,73557,GUAICURUS,-,JARDIM
00,05,86,21,130,000,EMPREENDIMENTOS IMOBILIARIOS,43,25,64188,GUAICURUS,-,JARDIM
00,05,86,11,150,000,EMPREENDIMENTOS IMOBILIARIOS,44,01,64188,GUAICURUS,-,JARDIM
00,05,86,11,170,000,EMPREENDIMENTOS IMOBILIARIOS,44,03,73561,GUAICURUS,-,JARDIM
00,05,86,11,180,000,EMPREENDIMENTOS IMOBILIARIOS,44,04,64188,GUAICURUS,-,JARDIM
00,05,86,11,200,000,EMPREENDIMENTOS IMOBILIARIOS,44,06,64188,GUAICURUS,-,JARDIM
00,05,86,11,210,000,EMPREENDIMENTOS IMOBILIARIOS,44,07,64188,GUAICURUS,-,JARDIM
00,05,86,11,220,000,EMPREENDIMENTOS IMOBILIARIOS,44,08,73566,GUAICURUS,-,JARDIM
00,05,86,11,230,000,EMPREENDIMENTOS IMOBILIARIOS,44,09,73567,GUAICURUS,-,JARDIM
00,05,86,11,260,000,EMPREENDIMENTOS IMOBILIARIOS,44,12,64188,GUAICURUS,-,JARDIM
00,05,86,11,040,000,EMPREENDIMENTOS IMOBILIARIOS,44,16,64188,GUAICURUS,-,JARDIM
00,05,86,11,060,000,EMPREENDIMENTOS IMOBILIARIOS,44,18,64188,GUAICURUS,-,JARDIM
00,05,86,11,110,000,EMPREENDIMENTOS IMOBILIARIOS,44,23,64188,GUAICURUS,-,JARDIM
00,05,86,11,120,000,EMPREENDIMENTOS IMOBILIARIOS,44,24,73581,GUAICURUS,-,JARDIM
00,05,86,11,130,000,EMPREENDIMENTOS IMOBILIARIOS,44,25,64188,GUAICURUS,-,JARDIM
00,05,86,42,120,000,EMPREENDIMENTOS IMOBILIARIOS,46,01,73584,GUAICURUS,-,JARDIM
00,05,86,42,170,000,EMPREENDIMENTOS IMOBILIARIOS,46,06,64188,GUAICURUS,-,JARDIM
00,05,86,42,180,000,EMPREENDIMENTOS IMOBILIARIOS,46,07,64188,GUAICURUS,-,JARDIM
00,05,86,42,190,000,EMPREENDIMENTOS IMOBILIARIOS,46,08,64188,GUAICURUS,-,JARDIM
00,05,86,42,200,000,EMPREENDIMENTOS IMOBILIARIOS,46,09,64188,GUAICURUS,-,JARDIM
00,05,86,42,030,000,EMPREENDIMENTOS IMOBILIARIOS,46,12,73595,GUAICURUS,-,JARDIM
00,05,86,42,040,000,EMPREENDIMENTOS IMOBILIARIOS,46,13,73596,GUAICURUS,-,JARDIM
00,05,86,42,060,000,EMPREENDIMENTOS IMOBILIARIOS,46,15,64188,GUAICURUS,-,JARDIM
00,05,86,42,070,000,EMPREENDIMENTOS IMOBILIARIOS,46,16,73599,GUAICURUS,-,JARDIM
00,05,86,42,090,000,EMPREENDIMENTOS IMOBILIARIOS,46,18,64188,GUAICURUS,-,JARDIM
00,05,86,42,100,000,EMPREENDIMENTOS IMOBILIARIOS,46,19,73602,GUAICURUS,-,JARDIM
00,05,86,42,110,000,EMPREENDIMENTOS IMOBILIARIOS,46,20,73603,GUAICURUS,-,JARDIM
00,05,86,22,240,000,EMPREENDIMENTOS IMOBILIARIOS,47,10,73613,GUAICURUS,-,JARDIM
00,05,86,22,250,000,EMPREENDIMENTOS IMOBILIARIOS,47,11,73614,GUAICURUS,-,JARDIM
00,05,86,22,260,000,EMPREENDIMENTOS IMOBILIARIOS,47,12,73615,GUAICURUS,-,JARDIM
00,05,86,22,060,000,EMPREENDIMENTOS IMOBILIARIOS,47,18,64188,GUAICURUS,-,JARDIM
00,05,86,12,150,000,EMPREENDIMENTOS IMOBILIARIOS,48,01,64188,GUAICURUS,-,JARDIM
00,05,86,12,160,000,EMPREENDIMENTOS IMOBILIARIOS,48,02,73631,GUAICURUS,-,JARDIM
00,05,86,12,190,000,EMPREENDIMENTOS IMOBILIARIOS,48,05,73634,GUAICURUS,-,JARDIM
00,05,86,12,240,000,EMPREENDIMENTOS IMOBILIARIOS,48,10,73639,GUAICURUS,-,JARDIM
00,05,86,12,250,000,EMPREENDIMENTOS IMOBILIARIOS,48,11,73640,GUAICURUS,-,JARDIM
00,05,86,12,260,000,EMPREENDIMENTOS IMOBILIARIOS,48,12,73641,GUAICURUS,-,JARDIM
00,05,86,12,060,000,EMPREENDIMENTOS IMOBILIARIOS,48,18,64188,GUAICURUS,-,JARDIM
00,05,86,12,080,000,EMPREENDIMENTOS IMOBILIARIOS,48,20,73649,GUAICURUS,-,JARDIM
00,05,86,12,120,000,EMPREENDIMENTOS IMOBILIARIOS,48,24,64188,GUAICURUS,-,JARDIM
00,05,86,12,140,000,EMPREENDIMENTOS IMOBILIARIOS,48,26,73655,GUAICURUS,-,JARDIM
00,05,86,43,130,000,EMPREENDIMENTOS IMOBILIARIOS,50,01,64188,GUAICURUS,-,JARDIM
00,05,86,43,160,000,EMPREENDIMENTOS IMOBILIARIOS,50,04,73659,GUAICURUS,-,JARDIM
00,05,86,43,180,000,EMPREENDIMENTOS IMOBILIARIOS,50,06,73661,GUAICURUS,-,JARDIM
00,05,86,43,220,000,EMPREENDIMENTOS IMOBILIARIOS,50,10,64188,GUAICURUS,-,JARDIM
00,05,86,43,010,000,EMPREENDIMENTOS IMOBILIARIOS,50,11,64188,GUAICURUS,-,JARDIM
00,05,86,43,030,000,EMPREENDIMENTOS IMOBILIARIOS,50,13,64188,GUAICURUS,-,JARDIM
00,05,86,43,040,000,EMPREENDIMENTOS IMOBILIARIOS,50,14,64188,GUAICURUS,-,JARDIM
00,05,86,43,050,000,EMPREENDIMENTOS IMOBILIARIOS,50,15,64188,GUAICURUS,-,JARDIM
00,05,86,43,090,000,EMPREENDIMENTOS IMOBILIARIOS,50,19,64188,GUAICURUS,-,JARDIM
00,05,86,43,100,000,EMPREENDIMENTOS IMOBILIARIOS,50,20,64188,GUAICURUS,-,JARDIM
00,05,86,43,110,000,EMPREENDIMENTOS IMOBILIARIOS,50,21,64188,GUAICURUS,-,JARDIM
00,05,86,43,120,000,EMPREENDIMENTOS IMOBILIARIOS,50,22,64188,GUAICURUS,-,JARDIM
00,05,86,33,240,000,EMPREENDIMENTOS IMOBILIARIOS,51,10,64188,GUAICURUS,-,JARDIM
00,05,86,33,260,000,EMPREENDIMENTOS IMOBILIARIOS,51,12,64188,GUAICURUS,-,JARDIM
00,05,86,33,010,000,EMPREENDIMENTOS IMOBILIARIOS,51,13,73690,GUAICURUS,-,JARDIM
00,05,86,33,040,000,EMPREENDIMENTOS IMOBILIARIOS,51,16,73693,GUAICURUS,-,JARDIM
00,05,86,33,120,000,EMPREENDIMENTOS IMOBILIARIOS,51,24,64188,GUAICURUS,-,JARDIM
00,05,86,23,150,000,EMPREENDIMENTOS IMOBILIARIOS,52,01,64188,GUAICURUS,-,JARDIM
00,05,86,23,170,000,EMPREENDIMENTOS IMOBILIARIOS,52,03,73706,GUAICURUS,-,JARDIM
00,05,86,23,190,000,EMPREENDIMENTOS IMOBILIARIOS,52,05,73708,GUAICURUS,-,JARDIM
00,05,86,23,200,000,EMPREENDIMENTOS IMOBILIARIOS,52,06,73709,GUAICURUS,-,JARDIM
00,05,86,23,210,000,EMPREENDIMENTOS IMOBILIARIOS,52,07,73710,GUAICURUS,-,JARDIM
00,05,86,23,220,000,EMPREENDIMENTOS IMOBILIARIOS,52,08,73711,GUAICURUS,-,JARDIM
00,05,86,23,260,000,EMPREENDIMENTOS IMOBILIARIOS,52,12,64188,GUAICURUS,-,JARDIM
00,05,86,23,020,000,EMPREENDIMENTOS IMOBILIARIOS,52,14,73717,GUAICURUS,-,JARDIM
00,05,86,23,040,000,EMPREENDIMENTOS IMOBILIARIOS,52,16,73719,GUAICURUS,-,JARDIM
00,05,86,23,060,000,EMPREENDIMENTOS IMOBILIARIOS,52,18,73721,GUAICURUS,-,JARDIM
00,05,86,23,100,000,EMPREENDIMENTOS IMOBILIARIOS,52,22,64188,GUAICURUS,-,JARDIM
00,05,86,23,110,000,EMPREENDIMENTOS IMOBILIARIOS,52,23,73726,GUAICURUS,-,JARDIM
00,05,86,13,160,000,EMPREENDIMENTOS IMOBILIARIOS,53,02,73731,GUAICURUS,-,JARDIM
00,05,86,13,220,000,EMPREENDIMENTOS IMOBILIARIOS,53,08,73737,GUAICURUS,-,JARDIM
00,05,86,13,260,000,EMPREENDIMENTOS IMOBILIARIOS,53,12,73741,GUAICURUS,-,JARDIM
00,05,86,13,030,000,EMPREENDIMENTOS IMOBILIARIOS,53,15,73744,GUAICURUS,-,JARDIM
00,05,86,13,050,000,EMPREENDIMENTOS IMOBILIARIOS,53,17,64188,GUAICURUS,-,JARDIM
00,05,86,13,060,000,EMPREENDIMENTOS IMOBILIARIOS,53,18,64188,GUAICURUS,-,JARDIM
00,05,86,13,110,000,EMPREENDIMENTOS IMOBILIARIOS,53,23,73752,GUAICURUS,-,JARDIM
00,05,86,03,160,000,EMPREENDIMENTOS IMOBILIARIOS,54,02,64188,GUAICURUS,-,JARDIM
00,05,86,03,220,000,EMPREENDIMENTOS IMOBILIARIOS,54,08,64188,GUAICURUS,-,JARDIM
00,05,86,03,230,000,EMPREENDIMENTOS IMOBILIARIOS,54,09,73764,GUAICURUS,-,JARDIM
00,05,86,03,250,000,EMPREENDIMENTOS IMOBILIARIOS,54,11,73766,GUAICURUS,-,JARDIM
00,05,86,03,020,000,EMPREENDIMENTOS IMOBILIARIOS,54,14,64188,GUAICURUS,-,JARDIM
00,05,86,03,030,000,EMPREENDIMENTOS IMOBILIARIOS,54,15,73770,GUAICURUS,-,JARDIM
00,05,86,03,050,000,EMPREENDIMENTOS IMOBILIARIOS,54,17,64188,GUAICURUS,-,JARDIM
00,05,86,03,060,000,EMPREENDIMENTOS IMOBILIARIOS,54,18,73773,GUAICURUS,-,JARDIM
00,05,86,03,080,000,EMPREENDIMENTOS IMOBILIARIOS,54,20,64188,GUAICURUS,-,JARDIM
00,05,86,03,110,000,EMPREENDIMENTOS IMOBILIARIOS,54,23,73778,GUAICURUS,-,JARDIM
00,05,86,44,160,000,EMPREENDIMENTOS IMOBILIARIOS,55,04,64188,GUAICURUS,-,JARDIM
00,05,86,44,180,000,EMPREENDIMENTOS IMOBILIARIOS,55,06,73787,GUAICURUS,-,JARDIM
00,05,86,44,030,000,EMPREENDIMENTOS IMOBILIARIOS,55,13,73794,GUAICURUS,-,JARDIM
00,05,86,44,060,000,EMPREENDIMENTOS IMOBILIARIOS,55,16,73797,GUAICURUS,-,JARDIM
00,05,86,44,070,000,EMPREENDIMENTOS IMOBILIARIOS,55,17,73798,GUAICURUS,-,JARDIM
00,05,86,44,080,000,EMPREENDIMENTOS IMOBILIARIOS,55,18,73799,GUAICURUS,-,JARDIM
00,05,86,44,090,000,EMPREENDIMENTOS IMOBILIARIOS,55,19,64188,GUAICURUS,-,JARDIM
00,05,86,44,100,000,EMPREENDIMENTOS IMOBILIARIOS,55,20,64188,GUAICURUS,-,JARDIM
00,05,86,44,110,000,EMPREENDIMENTOS IMOBILIARIOS,55,21,64188,GUAICURUS,-,JARDIM
00,05,86,34,150,000,EMPREENDIMENTOS IMOBILIARIOS,56,01,73804,GUAICURUS,-,JARDIM
00,05,86,34,160,000,EMPREENDIMENTOS IMOBILIARIOS,56,02,64188,GUAICURUS,-,JARDIM
00,05,86,34,170,000,EMPREENDIMENTOS IMOBILIARIOS,56,03,64188,GUAICURUS,-,JARDIM
00,05,86,34,230,000,EMPREENDIMENTOS IMOBILIARIOS,56,09,64188,GUAICURUS,-,JARDIM
00,05,86,34,010,000,EMPREENDIMENTOS IMOBILIARIOS,56,13,64188,GUAICURUS,-,JARDIM
00,05,86,34,030,000,EMPREENDIMENTOS IMOBILIARIOS,56,15,64188,GUAICURUS,-,JARDIM
00,05,86,34,050,000,EMPREENDIMENTOS IMOBILIARIOS,56,17,73820,GUAICURUS,-,JARDIM
00,05,86,34,070,000,EMPREENDIMENTOS IMOBILIARIOS,56,19,64188,GUAICURUS,-,JARDIM
00,05,86,34,090,000,EMPREENDIMENTOS IMOBILIARIOS,56,21,73824,GUAICURUS,-,JARDIM
00,05,86,34,100,000,EMPREENDIMENTOS IMOBILIARIOS,56,22,73825,GUAICURUS,-,JARDIM
00,05,86,24,150,000,EMPREENDIMENTOS IMOBILIARIOS,57,01,64188,GUAICURUS,-,JARDIM
00,05,86,24,160,000,EMPREENDIMENTOS IMOBILIARIOS,57,02,73831,GUAICURUS,-,JARDIM
00,05,86,24,180,000,EMPREENDIMENTOS IMOBILIARIOS,57,04,64188,GUAICURUS,-,JARDIM
00,05,86,24,190,000,EMPREENDIMENTOS IMOBILIARIOS,57,05,73834,GUAICURUS,-,JARDIM
00,05,86,24,200,000,EMPREENDIMENTOS IMOBILIARIOS,57,06,73835,GUAICURUS,-,JARDIM
00,05,86,24,210,000,EMPREENDIMENTOS IMOBILIARIOS,57,07,73836,GUAICURUS,-,JARDIM
00,05,86,24,220,000,EMPREENDIMENTOS IMOBILIARIOS,57,08,73837,GUAICURUS,-,JARDIM
00,05,86,24,250,000,EMPREENDIMENTOS IMOBILIARIOS,57,11,64188,GUAICURUS,-,JARDIM
00,05,86,24,260,000,EMPREENDIMENTOS IMOBILIARIOS,57,12,73841,GUAICURUS,-,JARDIM
00,05,86,24,010,000,EMPREENDIMENTOS IMOBILIARIOS,57,13,64188,GUAICURUS,-,JARDIM
00,05,86,24,030,000,EMPREENDIMENTOS IMOBILIARIOS,57,15,73844,GUAICURUS,-,JARDIM
00,05,86,24,040,000,EMPREENDIMENTOS IMOBILIARIOS,57,16,73845,GUAICURUS,-,JARDIM
00,05,86,24,050,000,EMPREENDIMENTOS IMOBILIARIOS,57,17,64188,GUAICURUS,-,JARDIM
00,05,86,24,060,000,EMPREENDIMENTOS IMOBILIARIOS,57,18,64188,GUAICURUS,-,JARDIM
00,05,86,24,100,000,EMPREENDIMENTOS IMOBILIARIOS,57,22,64188,GUAICURUS,-,JARDIM
00,05,86,24,110,000,EMPREENDIMENTOS IMOBILIARIOS,57,23,64188,GUAICURUS,-,JARDIM
00,05,86,24,120,000,EMPREENDIMENTOS IMOBILIARIOS,57,24,64188,GUAICURUS,-,JARDIM
00,05,86,24,130,000,EMPREENDIMENTOS IMOBILIARIOS,57,25,64188,GUAICURUS,-,JARDIM
00,05,86,14,160,000,EMPREENDIMENTOS IMOBILIARIOS,58,02,73857,GUAICURUS,-,JARDIM
00,05,86,14,170,000,EMPREENDIMENTOS IMOBILIARIOS,58,03,64188,GUAICURUS,-,JARDIM
00,05,86,14,220,000,EMPREENDIMENTOS IMOBILIARIOS,58,08,64188,GUAICURUS,-,JARDIM
00,05,86,14,020,000,EMPREENDIMENTOS IMOBILIARIOS,58,14,73869,GUAICURUS,-,JARDIM
00,05,86,14,030,000,EMPREENDIMENTOS IMOBILIARIOS,58,15,73870,GUAICURUS,-,JARDIM
00,05,86,14,040,000,EMPREENDIMENTOS IMOBILIARIOS,58,16,64188,GUAICURUS,-,JARDIM
00,05,86,14,050,000,EMPREENDIMENTOS IMOBILIARIOS,58,17,64188,GUAICURUS,-,JARDIM
00,05,86,14,090,000,EMPREENDIMENTOS IMOBILIARIOS,58,21,73876,GUAICURUS,-,JARDIM
00,05,86,14,100,000,EMPREENDIMENTOS IMOBILIARIOS,58,22,64188,GUAICURUS,-,JARDIM
00,05,86,14,110,000,EMPREENDIMENTOS IMOBILIARIOS,58,23,73878,GUAICURUS,-,JARDIM
00,05,86,04,150,000,EMPREENDIMENTOS IMOBILIARIOS,59,01,73982,GUAICURUS,-,JARDIM
00,05,86,04,160,000,EMPREENDIMENTOS IMOBILIARIOS,59,02,64188,GUAICURUS,-,JARDIM
00,05,86,04,170,000,EMPREENDIMENTOS IMOBILIARIOS,59,03,64188,GUAICURUS,-,JARDIM
00,05,86,04,180,000,EMPREENDIMENTOS IMOBILIARIOS,59,04,73985,GUAICURUS,-,JARDIM
00,05,86,04,190,000,EMPREENDIMENTOS IMOBILIARIOS,59,05,73886,GUAICURUS,-,JARDIM
00,05,86,04,230,000,EMPREENDIMENTOS IMOBILIARIOS,59,09,64188,GUAICURUS,-,JARDIM
00,05,86,04,240,000,EMPREENDIMENTOS IMOBILIARIOS,59,10,64188,GUAICURUS,-,JARDIM
00,05,86,04,250,000,EMPREENDIMENTOS IMOBILIARIOS,59,11,64188,GUAICURUS,-,JARDIM
00,05,86,04,040,000,EMPREENDIMENTOS IMOBILIARIOS,59,16,73897,GUAICURUS,-,JARDIM
00,05,86,04,050,000,EMPREENDIMENTOS IMOBILIARIOS,59,17,64188,GUAICURUS,-,JARDIM
00,05,86,04,060,000,EMPREENDIMENTOS IMOBILIARIOS,59,18,73899,GUAICURUS,-,JARDIM
00,05,86,04,070,000,EMPREENDIMENTOS IMOBILIARIOS,59,19,73900,GUAICURUS,-,JARDIM
00,05,86,04,090,000,EMPREENDIMENTOS IMOBILIARIOS,59,21,73902,GUAICURUS,-,JARDIM
00,05,86,04,110,000,EMPREENDIMENTOS IMOBILIARIOS,59,23,73904,GUAICURUS,-,JARDIM
00,05,86,04,120,000,EMPREENDIMENTOS IMOBILIARIOS,59,24,64188,GUAICURUS,-,JARDIM
00,05,86,04,130,000,EMPREENDIMENTOS IMOBILIARIOS,59,25,64188,GUAICURUS,-,JARDIM
00,05,86,45,130,000,EMPREENDIMENTOS IMOBILIARIOS,60,01,73908,GUAICURUS,-,JARDIM
00,05,86,45,140,000,EMPREENDIMENTOS IMOBILIARIOS,60,02,64188,GUAICURUS,-,JARDIM
00,05,86,45,170,000,EMPREENDIMENTOS IMOBILIARIOS,60,05,73912,GUAICURUS,-,JARDIM
00,05,86,45,180,000,EMPREENDIMENTOS IMOBILIARIOS,60,06,64188,GUAICURUS,-,JARDIM
00,05,86,45,190,000,EMPREENDIMENTOS IMOBILIARIOS,60,07,73914,GUAICURUS,-,JARDIM
00,05,86,45,210,000,EMPREENDIMENTOS IMOBILIARIOS,60,09,64188,GUAICURUS,-,JARDIM
00,05,86,45,010,000,EMPREENDIMENTOS IMOBILIARIOS,60,11,64188,GUAICURUS,-,JARDIM
00,05,86,45,030,000,EMPREENDIMENTOS IMOBILIARIOS,60,13,73920,GUAICURUS,-,JARDIM
00,05,86,45,060,000,EMPREENDIMENTOS IMOBILIARIOS,60,16,73923,GUAICURUS,-,JARDIM
00,05,86,45,080,000,EMPREENDIMENTOS IMOBILIARIOS,60,18,64188,GUAICURUS,-,JARDIM
00,05,86,45,090,000,EMPREENDIMENTOS IMOBILIARIOS,60,19,64188,GUAICURUS,-,JARDIM
00,05,86,45,100,000,EMPREENDIMENTOS IMOBILIARIOS,60,20,64188,GUAICURUS,-,JARDIM
00,05,86,45,120,000,EMPREENDIMENTOS IMOBILIARIOS,60,22,73929,GUAICURUS,-,JARDIM
00,05,86,35,150,000,EMPREENDIMENTOS IMOBILIARIOS,61,01,73930,GUAICURUS,-,JARDIM
00,05,86,35,160,000,EMPREENDIMENTOS IMOBILIARIOS,61,02,73931,GUAICURUS,-,JARDIM
00,05,86,35,170,000,EMPREENDIMENTOS IMOBILIARIOS,61,03,73932,GUAICURUS,-,JARDIM
00,05,86,35,180,000,EMPREENDIMENTOS IMOBILIARIOS,61,04,73933,GUAICURUS,-,JARDIM
00,05,86,35,190,000,EMPREENDIMENTOS IMOBILIARIOS,61,05,73934,GUAICURUS,-,JARDIM
00,05,86,35,200,000,EMPREENDIMENTOS IMOBILIARIOS,61,06,64188,GUAICURUS,-,JARDIM
00,05,86,35,220,000,EMPREENDIMENTOS IMOBILIARIOS,61,08,64188,GUAICURUS,-,JARDIM
00,05,86,35,230,000,EMPREENDIMENTOS IMOBILIARIOS,61,09,64188,GUAICURUS,-,JARDIM
00,05,86,35,240,000,EMPREENDIMENTOS IMOBILIARIOS,61,10,73939,GUAICURUS,-,JARDIM
00,05,86,35,260,000,EMPREENDIMENTOS IMOBILIARIOS,61,12,64188,GUAICURUS,-,JARDIM
00,05,86,35,030,000,EMPREENDIMENTOS IMOBILIARIOS,61,15,73944,GUAICURUS,-,JARDIM
00,05,86,35,040,000,EMPREENDIMENTOS IMOBILIARIOS,61,16,64188,GUAICURUS,-,JARDIM
00,05,86,35,060,000,EMPREENDIMENTOS IMOBILIARIOS,61,18,64188,GUAICURUS,-,JARDIM
00,05,86,35,070,000,EMPREENDIMENTOS IMOBILIARIOS,61,19,64188,GUAICURUS,-,JARDIM
00,05,86,35,080,000,EMPREENDIMENTOS IMOBILIARIOS,61,20,64188,GUAICURUS,-,JARDIM
00,05,86,35,090,000,EMPREENDIMENTOS IMOBILIARIOS,61,21,73950,GUAICURUS,-,JARDIM
00,05,86,35,100,000,EMPREENDIMENTOS IMOBILIARIOS,61,22,73951,GUAICURUS,-,JARDIM
00,05,86,35,110,000,EMPREENDIMENTOS IMOBILIARIOS,61,23,64188,GUAICURUS,-,JARDIM
00,05,86,35,120,000,EMPREENDIMENTOS IMOBILIARIOS,61,24,73953,GUAICURUS,-,JARDIM
00,05,86,35,130,000,EMPREENDIMENTOS IMOBILIARIOS,61,25,73954,GUAICURUS,-,JARDIM
00,05,86,35,140,000,EMPREENDIMENTOS IMOBILIARIOS,61,26,73955,GUAICURUS,-,JARDIM
00,05,86,25,150,000,EMPREENDIMENTOS IMOBILIARIOS,62,01,64188,GUAICURUS,-,JARDIM
00,05,86,25,170,000,EMPREENDIMENTOS IMOBILIARIOS,62,03,64188,GUAICURUS,-,JARDIM
00,05,86,25,180,000,EMPREENDIMENTOS IMOBILIARIOS,62,04,64188,GUAICURUS,-,JARDIM
00,05,86,25,200,000,EMPREENDIMENTOS IMOBILIARIOS,62,06,64188,GUAICURUS,-,JARDIM
00,05,86,25,220,000,EMPREENDIMENTOS IMOBILIARIOS,62,08,73963,GUAICURUS,-,JARDIM
00,05,86,25,230,000,EMPREENDIMENTOS IMOBILIARIOS,62,09,73964,GUAICURUS,-,JARDIM
00,05,86,25,020,000,EMPREENDIMENTOS IMOBILIARIOS,62,14,64188,GUAICURUS,-,JARDIM
00,05,86,25,030,000,EMPREENDIMENTOS IMOBILIARIOS,62,15,64188,GUAICURUS,-,JARDIM
00,05,86,25,050,000,EMPREENDIMENTOS IMOBILIARIOS,62,17,64188,GUAICURUS,-,JARDIM
00,05,86,25,060,000,EMPREENDIMENTOS IMOBILIARIOS,62,18,73973,GUAICURUS,-,JARDIM
00,05,86,25,070,000,EMPREENDIMENTOS IMOBILIARIOS,62,19,73974,GUAICURUS,-,JARDIM
00,05,86,25,080,000,EMPREENDIMENTOS IMOBILIARIOS,62,20,64188,GUAICURUS,-,JARDIM
00,05,86,25,090,000,EMPREENDIMENTOS IMOBILIARIOS,62,21,73976,GUAICURUS,-,JARDIM
00,05,86,25,100,000,EMPREENDIMENTOS IMOBILIARIOS,62,22,73977,GUAICURUS,-,JARDIM
00,05,86,25,110,000,EMPREENDIMENTOS IMOBILIARIOS,62,23,73978,GUAICURUS,-,JARDIM
00,05,86,25,120,000,EMPREENDIMENTOS IMOBILIARIOS,62,24,73979,GUAICURUS,-,JARDIM
00,05,86,25,130,000,EMPREENDIMENTOS IMOBILIARIOS,62,25,73980,GUAICURUS,-,JARDIM
00,05,86,15,150,000,EMPREENDIMENTOS IMOBILIARIOS,63,01,73982,GUAICURUS,-,JARDIM
00,05,86,15,170,000,EMPREENDIMENTOS IMOBILIARIOS,63,03,64188,GUAICURUS,-,JARDIM
00,05,86,15,190,000,EMPREENDIMENTOS IMOBILIARIOS,63,05,73986,GUAICURUS,-,JARDIM
00,05,86,15,200,000,EMPREENDIMENTOS IMOBILIARIOS,63,06,64188,GUAICURUS,-,JARDIM
00,05,86,15,220,000,EMPREENDIMENTOS IMOBILIARIOS,63,08,73989,GUAICURUS,-,JARDIM
00,05,86,15,050,000,EMPREENDIMENTOS IMOBILIARIOS,63,17,73998,GUAICURUS,-,JARDIM
00,05,86,15,120,000,EMPREENDIMENTOS IMOBILIARIOS,63,24,64188,GUAICURUS,-,JARDIM
00,05,86,15,140,000,EMPREENDIMENTOS IMOBILIARIOS,63,26,64188,GUAICURUS,-,JARDIM
00,05,86,05,160,000,EMPREENDIMENTOS IMOBILIARIOS,64,02,74009,GUAICURUS,-,JARDIM
00,05,86,05,190,000,EMPREENDIMENTOS IMOBILIARIOS,64,05,64188,GUAICURUS,-,JARDIM
00,05,86,05,200,000,EMPREENDIMENTOS IMOBILIARIOS,64,06,64188,GUAICURUS,-,JARDIM
00,05,86,05,250,000,EMPREENDIMENTOS IMOBILIARIOS,64,11,64188,GUAICURUS,-,JARDIM
00,05,86,05,260,000,EMPREENDIMENTOS IMOBILIARIOS,64,12,64188,GUAICURUS,-,JARDIM
00,05,86,05,010,000,EMPREENDIMENTOS IMOBILIARIOS,64,13,64188,GUAICURUS,-,JARDIM
00,05,86,05,040,000,EMPREENDIMENTOS IMOBILIARIOS,64,16,64188,GUAICURUS,-,JARDIM
00,05,86,05,050,000,EMPREENDIMENTOS IMOBILIARIOS,64,17,74024,GUAICURUS,-,JARDIM
00,05,86,05,060,000,EMPREENDIMENTOS IMOBILIARIOS,64,18,64188,GUAICURUS,-,JARDIM
00,05,86,05,090,000,EMPREENDIMENTOS IMOBILIARIOS,64,21,64188,GUAICURUS,-,JARDIM
00,05,86,05,130,000,EMPREENDIMENTOS IMOBILIARIOS,64,25,74032,GUAICURUS,-,JARDIM
00,05,86,05,140,000,EMPREENDIMENTOS IMOBILIARIOS,64,26,74033,GUAICURUS,-,JARDIM
00,05,86,46,130,000,EMPREENDIMENTOS IMOBILIARIOS,65,01,64188,GUAICURUS,-,JARDIM
00,05,86,46,150,000,EMPREENDIMENTOS IMOBILIARIOS,65,03,74036,GUAICURUS,-,JARDIM
00,05,86,46,160,000,EMPREENDIMENTOS IMOBILIARIOS,65,04,64188,GUAICURUS,-,JARDIM
00,05,86,46,200,000,EMPREENDIMENTOS IMOBILIARIOS,65,08,64188,GUAICURUS,-,JARDIM
00,05,86,46,210,000,EMPREENDIMENTOS IMOBILIARIOS,65,09,74042,GUAICURUS,-,JARDIM
00,05,86,46,220,000,EMPREENDIMENTOS IMOBILIARIOS,65,10,64188,GUAICURUS,-,JARDIM
00,05,86,46,040,000,EMPREENDIMENTOS IMOBILIARIOS,65,14,64188,GUAICURUS,-,JARDIM
00,05,86,46,050,000,EMPREENDIMENTOS IMOBILIARIOS,65,15,74048,GUAICURUS,-,JARDIM
00,05,86,46,070,000,EMPREENDIMENTOS IMOBILIARIOS,65,17,74050,GUAICURUS,-,JARDIM
00,05,86,46,080,000,EMPREENDIMENTOS IMOBILIARIOS,65,18,74051,GUAICURUS,-,JARDIM
00,05,86,46,090,000,EMPREENDIMENTOS IMOBILIARIOS,65,19,64188,GUAICURUS,-,JARDIM
00,05,86,46,100,000,EMPREENDIMENTOS IMOBILIARIOS,65,20,74053,GUAICURUS,-,JARDIM
00,05,86,36,030,000,EMPREENDIMENTOS IMOBILIARIOS,66,11,64188,GUAICURUS,-,JARDIM
00,05,86,36,010,000,EMPREENDIMENTOS IMOBILIARIOS,66,13,64188,GUAICURUS,-,JARDIM
00,05,86,26,070,000,EMPREENDIMENTOS IMOBILIARIOS,67,07,64188,GUAICURUS,-,JARDIM
00,05,86,26,060,000,EMPREENDIMENTOS IMOBILIARIOS,67,08,64188,GUAICURUS,-,JARDIM
00,05,86,16,060,000,EMPREENDIMENTOS IMOBILIARIOS,68,08,64188,GUAICURUS,-,JARDIM
00,05,86,16,040,000,EMPREENDIMENTOS IMOBILIARIOS,68,10,74091,GUAICURUS,-,JARDIM
00,05,86,06,110,000,EMPREENDIMENTOS IMOBILIARIOS,69,01,74095,GUAICURUS,-,JARDIM
00,05,86,06,100,000,EMPREENDIMENTOS IMOBILIARIOS,69,02,74096,GUAICURUS,-,JARDIM
00,05,86,06,090,000,EMPREENDIMENTOS IMOBILIARIOS,69,03,74097,GUAICURUS,-,JARDIM
00,05,86,06,080,000,EMPREENDIMENTOS IMOBILIARIOS,69,04,64188,GUAICURUS,-,JARDIM
00,05,86,06,070,000,EMPREENDIMENTOS IMOBILIARIOS,69,05,64188,GUAICURUS,-,JARDIM
00,05,86,06,060,000,EMPREENDIMENTOS IMOBILIARIOS,69,06,74100,GUAICURUS,-,JARDIM
00,05,86,06,050,000,EMPREENDIMENTOS IMOBILIARIOS,69,07,64188,GUAICURUS,-,JARDIM
00,05,86,06,040,000,EMPREENDIMENTOS IMOBILIARIOS,69,08,64188,GUAICURUS,-,JARDIM
